City_ID,City,Country,Lat,Lng,Max Temp,Humidity,Cloudiness,Wind Speed,Current Description
0,Port Alfred,ZA,-33.5906,26.891,61.54,64,12,20.69,few clouds
1,Hilo,US,19.7297,-155.09,76.28,92,90,5.75,light rain
2,Aklavik,CA,68.2191,-135.0107,28.47,83,100,9.93,overcast clouds
3,College,US,64.8569,-147.8028,35.26,94,75,6.91,fog
4,Tarata,BO,-17.6167,-66.0167,85.42,29,46,9.13,scattered clouds
5,Arraial Do Cabo,BR,-22.9661,-42.0278,67.96,94,90,12.66,light intensity drizzle
6,Yellowknife,CA,62.456,-114.3525,38.41,99,100,13.0,overcast clouds
7,Punta Arenas,CL,-53.15,-70.9167,53.71,35,20,31.07,few clouds
8,Ribeira Grande,PT,38.5167,-28.7,72.0,94,75,12.66,broken clouds
9,Sarandi,BR,-23.4436,-51.8739,65.17,83,100,11.52,overcast clouds
10,Ponta Do Sol,PT,32.6667,-17.1,76.01,70,16,3.85,few clouds
11,Hermanus,ZA,-34.4187,19.2345,65.89,66,89,7.76,overcast clouds
12,Port Elizabeth,ZA,-33.918,25.5701,61.11,68,1,18.28,clear sky
13,Bredasdorp,ZA,-34.5322,20.0403,63.28,77,70,13.8,broken clouds
14,Rikitea,PF,-23.1203,-134.9692,74.64,81,100,18.86,light rain
15,Cabo San Lucas,MX,22.8909,-109.9124,93.61,48,20,4.61,few clouds
16,Ushuaia,AR,-54.8,-68.3,51.46,32,20,29.93,few clouds
17,Padang,ID,-0.9492,100.3543,77.05,90,100,2.89,overcast clouds
18,Thompson,CA,55.7435,-97.8558,44.76,93,90,6.91,mist
19,Albany,US,42.6001,-73.9662,66.85,75,88,1.01,overcast clouds
20,Saskylakh,RU,71.9167,114.0833,12.76,96,100,6.8,overcast clouds
21,Victoria,HK,22.2855,114.1577,81.32,90,100,8.01,light rain
22,Kudahuvadhoo,MV,2.6708,72.8944,83.32,74,71,13.65,broken clouds
23,Saint George,US,37.1041,-113.5841,68.63,37,1,3.0,clear sky
24,Maxixe,MZ,-23.8597,35.3472,68.74,62,97,16.33,overcast clouds
25,Sao Joao Da Barra,BR,-21.6403,-41.0511,69.89,89,100,13.38,overcast clouds
26,North Bend,US,43.4065,-124.2243,58.91,84,75,9.22,broken clouds
27,Ikongo,MG,-21.8833,47.4333,66.99,83,21,2.84,few clouds
28,Buala,SB,-8.145,159.5921,78.87,84,79,3.91,broken clouds
29,Huambo,AO,-12.7761,15.7392,74.12,40,96,3.29,overcast clouds
30,Kruisfontein,ZA,-34.0033,24.7314,58.89,71,4,13.87,clear sky
31,Biltine,TD,14.5333,20.9167,92.97,14,46,3.74,scattered clouds
32,Atuona,PF,-9.8,-139.0333,77.81,76,5,18.37,clear sky
33,Upernavik,GL,72.7868,-56.1549,32.38,99,100,10.8,snow
34,Barrow,US,71.2906,-156.7887,28.42,80,90,10.36,overcast clouds
35,Poum,NC,-20.2333,164.0167,73.08,63,3,21.03,clear sky
36,Mataura,NZ,-46.1927,168.8643,51.48,87,100,2.33,overcast clouds
37,Iqaluit,CA,63.7506,-68.5145,40.73,70,20,5.01,few clouds
38,Cape Town,ZA,-33.9258,18.4232,66.11,64,0,4.61,clear sky
39,Vao,NC,-22.6667,167.4833,69.75,63,2,16.89,clear sky
40,Tuktoyaktuk,CA,69.4541,-133.0374,30.2,93,90,8.05,overcast clouds
41,Calvinia,ZA,-31.4707,19.776,67.91,8,70,5.7,broken clouds
42,Guaruja,BR,-23.9931,-46.2564,74.8,54,90,1.01,moderate rain
43,Port Lincoln,AU,-34.7333,135.8667,49.98,60,58,9.19,broken clouds
44,Deputatskiy,RU,69.3,139.9,19.27,85,100,3.47,overcast clouds
45,Tiksi,RU,71.6872,128.8694,27.52,91,100,4.18,overcast clouds
46,Kahului,US,20.8947,-156.47,77.02,84,40,8.05,light rain
47,Margate,GB,51.3813,1.3862,58.96,80,82,4.0,broken clouds
48,Ostrovnoy,RU,68.0531,39.5131,42.67,95,100,3.83,overcast clouds
49,Bambous Virieux,MU,-20.3428,57.7575,71.85,94,75,8.05,light rain
50,Hobart,AU,-42.8794,147.3294,42.26,80,28,1.99,scattered clouds
51,Roald,NO,62.5833,6.1333,53.17,93,75,14.97,moderate rain
52,Hudiksvall,SE,61.729,17.1036,52.72,79,100,12.12,overcast clouds
53,Carballo,ES,43.213,-8.691,69.01,69,21,10.04,few clouds
54,Plettenberg Bay,ZA,-34.0527,23.3716,59.85,77,30,8.55,scattered clouds
55,Tahe,CN,52.3333,124.7333,30.6,87,13,6.35,few clouds
56,San Patricio,US,28.017,-97.5169,92.12,54,16,21.05,few clouds
57,Kapaa,US,22.0752,-159.319,78.78,72,75,4.0,light rain
58,Yerbogachen,RU,61.2767,108.0108,31.19,84,95,12.97,overcast clouds
59,Rio Gallegos,AR,-51.6226,-69.2181,53.65,43,40,12.66,light intensity shower rain
60,Pyaozerskiy,RU,65.8333,31.1667,51.82,97,100,8.05,overcast clouds
61,Satana,IN,20.5833,74.2,75.9,75,55,2.73,light rain
62,Muli,MV,2.9167,73.5667,83.17,75,54,14.43,broken clouds
63,Yanam,IN,16.7333,82.2167,79.05,84,48,0.74,scattered clouds
64,Labuhan,ID,-6.8844,112.2051,78.42,76,76,10.56,broken clouds
65,Guabito,PA,9.5,-82.6167,85.89,63,10,7.25,clear sky
66,Morros,BR,-9.4467,-46.3003,103.26,13,82,7.61,broken clouds
67,Mount Gambier,AU,-37.8333,140.7667,47.7,58,88,5.61,overcast clouds
68,Te Anau,NZ,-45.4167,167.7167,45.05,96,100,5.28,moderate rain
69,Chuy,UY,-33.6971,-53.4616,62.83,72,75,15.48,broken clouds
70,Haines Junction,CA,60.7522,-137.5108,30.15,86,73,2.3,broken clouds
71,New Norfolk,AU,-42.7826,147.0587,41.92,71,72,2.86,broken clouds
72,Ewa Beach,US,21.3156,-158.0072,76.98,75,75,17.0,broken clouds
73,Kissamos,GR,35.4939,23.6569,72.91,76,15,6.89,few clouds
74,Beringovskiy,RU,63.05,179.3167,30.43,82,100,11.92,overcast clouds
75,Avarua,CK,-21.2078,-159.775,69.85,94,99,1.14,overcast clouds
76,Kalakamati,BW,-20.5929,27.3121,57.69,79,40,25.55,scattered clouds
77,Progreso,MX,21.2833,-89.6667,93.31,62,80,9.19,broken clouds
78,Vaini,TO,-21.2,-175.2,71.76,94,75,5.75,light intensity shower rain
79,Klaksvik,FO,62.2266,-6.589,43.72,79,86,23.35,overcast clouds
80,Yumen,CN,40.2833,97.2,40.1,20,0,13.38,clear sky
81,West Bay,KY,19.3667,-81.4167,87.87,76,20,5.01,few clouds
82,Puerto Ayora,EC,-0.7393,-90.3518,78.76,82,89,8.01,overcast clouds
83,Evensk,RU,61.95,159.2333,26.29,67,60,6.17,broken clouds
84,Garowe,SO,8.4054,48.4845,83.32,55,97,6.33,light rain
85,Nikolskoye,RU,59.7035,30.7861,54.88,66,38,8.88,scattered clouds
86,Tommot,RU,58.9564,126.2925,33.98,81,94,12.21,overcast clouds
87,Sorland,NO,67.667,12.6934,48.06,81,100,5.79,overcast clouds
88,Bilma,NE,18.6853,12.9164,89.06,9,81,8.25,broken clouds
89,Kodiak,US,57.79,-152.4072,44.11,53,1,3.44,clear sky
90,Punta Alta,AR,-38.8759,-62.0736,70.74,41,0,3.71,clear sky
91,Vila Velha,BR,-20.3297,-40.2925,64.94,91,100,7.11,moderate rain
92,Ancud,CL,-41.8697,-73.8203,56.43,73,89,8.77,overcast clouds
93,Riyadh,SA,24.6877,46.7219,86.14,15,0,9.19,clear sky
94,Coihaique,CL,-45.5752,-72.0662,56.01,58,75,4.61,broken clouds
95,Kaitangata,NZ,-46.2817,169.8464,48.6,82,99,3.49,overcast clouds
96,East London,ZA,-33.0153,27.9116,62.06,64,2,14.25,clear sky
97,Saldanha,ZA,-33.0117,17.9442,60.69,67,87,10.83,overcast clouds
98,Pecos,US,31.4229,-103.4932,90.05,21,1,28.77,clear sky
99,Viedma,AR,-40.8135,-62.9967,80.06,18,0,13.89,clear sky
100,Christchurch,NZ,-43.5333,172.6333,48.4,90,33,4.61,scattered clouds
101,Kavieng,PG,-2.5744,150.7967,81.99,77,80,8.93,broken clouds
102,Souillac,MU,-20.5167,57.5167,71.98,94,75,8.05,light rain
103,Cruzeiro Do Sul,BR,-29.5128,-51.9853,78.08,70,99,5.53,overcast clouds
104,Qaanaaq,GL,77.484,-69.3632,29.61,92,100,10.45,overcast clouds
105,Tongren,CN,27.7172,109.1853,57.0,89,100,8.99,overcast clouds
106,Campos Sales,BR,-7.0744,-40.3761,96.12,20,81,8.3,broken clouds
107,Mayo,US,38.8876,-76.5119,73.98,87,90,8.99,overcast clouds
108,Great Yarmouth,GB,52.6083,1.7305,54.1,72,55,11.41,broken clouds
109,Hillerod,DK,55.9267,12.3109,50.65,83,63,3.0,broken clouds
110,Gardner,US,42.5751,-71.9981,61.99,83,90,4.61,overcast clouds
111,Vanavara,RU,60.34,102.2797,31.86,87,100,10.2,overcast clouds
112,Hofn,IS,64.2539,-15.2082,43.09,88,98,9.46,overcast clouds
113,Skjervoy,NO,70.0311,20.9714,46.58,86,100,6.2,overcast clouds
114,Alghero,IT,40.5589,8.3181,62.69,59,20,3.44,few clouds
115,Beisfjord,NO,68.3751,17.5988,51.04,91,100,2.59,overcast clouds
116,Praia,CV,14.9215,-23.5087,86.54,54,0,17.27,clear sky
117,Codrington,AU,-38.2667,141.9667,46.24,75,74,9.75,broken clouds
118,Klyuchi,RU,52.2667,79.1667,44.38,59,100,5.68,overcast clouds
119,Vostok,RU,46.4856,135.8833,37.51,93,99,15.88,overcast clouds
120,Berdigestyakh,RU,62.0989,126.6992,35.02,87,100,11.05,overcast clouds
121,Dikson,RU,73.5069,80.5464,29.52,70,100,23.44,light snow
122,Laguna,US,38.421,-121.4238,73.06,50,1,1.99,clear sky
123,Matagami,CA,49.7502,-77.6328,60.91,100,90,10.36,overcast clouds
124,Thoen,TH,17.6129,99.2161,75.65,96,100,1.66,overcast clouds
125,Savannah Bight,HN,16.45,-85.85,87.85,76,57,0.18,broken clouds
126,Northam,GB,51.0333,-4.2167,59.02,78,53,10.78,broken clouds
127,Yizheng,CN,24.6706,103.4296,55.51,93,100,7.92,overcast clouds
128,Necochea,AR,-38.5473,-58.7368,69.04,62,4,10.83,clear sky
129,Madras,IN,13.0878,80.2785,80.58,89,40,2.3,mist
130,Bayir,TR,37.2687,28.2167,63.12,62,0,4.0,clear sky
131,Atambua,ID,-9.1061,124.8925,73.35,82,98,2.21,overcast clouds
132,Jamestown,US,42.097,-79.2353,69.03,72,40,10.0,scattered clouds
133,Tulun,RU,54.5611,100.5792,36.88,70,20,2.82,few clouds
134,Kyren,RU,51.6828,102.1408,34.93,68,0,3.36,clear sky
135,Mincivan,AZ,39.0294,46.7185,54.39,76,10,1.23,clear sky
136,Busselton,AU,-33.65,115.3333,54.05,72,100,11.77,moderate rain
137,Butaritari,KI,3.0707,172.7902,81.27,69,15,13.82,few clouds
138,Ecija,ES,37.5422,-5.0826,77.86,41,52,9.57,broken clouds
139,Teknaf,BD,20.8624,92.3058,80.76,85,100,2.93,light rain
140,Cayenne,GF,4.9333,-52.3333,87.84,75,0,7.0,clear sky
141,Uyemskiy,RU,64.4743,40.8524,50.05,100,90,6.71,light intensity shower rain
142,Mar Del Plata,AR,-38.0023,-57.5575,62.62,27,20,13.0,few clouds
143,Payo,ID,-3.7508,103.6372,76.71,83,95,1.7,moderate rain
144,Hamburg,DE,53.55,10.0,48.18,85,0,5.75,clear sky
145,Port Moresby,PG,-9.4431,147.1797,75.47,91,100,5.03,overcast clouds
146,Bluff,NZ,-46.6,168.3333,51.8,77,100,10.36,light rain
147,Bichena,ET,10.45,38.2,56.21,83,90,2.44,light rain
148,Antofagasta,CL,-23.65,-70.4,67.21,61,33,9.26,scattered clouds
149,Mazatlan,MX,23.2167,-106.4167,93.16,70,40,1.99,scattered clouds
150,Kiboga,UG,0.9161,31.7742,66.16,90,80,2.21,light rain
151,Comodoro Rivadavia,AR,-45.8667,-67.5,75.06,23,0,21.85,clear sky
152,Lubango,AO,-14.9172,13.4925,69.1,45,23,4.32,few clouds
153,Jumla,NP,29.2747,82.1838,52.81,79,8,4.07,clear sky
154,Asau,RO,46.4333,26.4,45.75,65,28,2.95,light rain
155,Dali,CN,25.7,100.1833,61.0,87,92,3.42,overcast clouds
156,Bhiwani,IN,28.7833,76.1333,84.72,34,0,5.35,clear sky
157,Griffith,US,41.5284,-87.4237,83.08,67,1,1.99,clear sky
158,Smithers,CA,54.7804,-127.1743,37.72,81,75,4.61,broken clouds
159,Georgetown,MY,5.4112,100.3354,80.89,89,20,2.3,few clouds
160,Gigmoto,PH,13.7796,124.39,79.81,86,100,7.38,overcast clouds
161,Santiago Del Estero,AR,-27.7951,-64.2615,74.89,57,97,12.59,overcast clouds
162,Bukachacha,RU,52.9833,116.9167,32.25,81,43,3.15,scattered clouds
163,Provideniya,RU,64.3833,-173.3,27.63,91,100,8.61,overcast clouds
164,Ineu,RO,46.4333,21.85,57.52,56,89,2.17,light rain
165,Santa Lucia,ES,27.9117,-15.5407,67.32,67,20,20.71,few clouds
166,Grand Gaube,MU,-20.0064,57.6608,72.0,89,61,8.01,moderate rain
167,Sao Filipe,CV,14.8961,-24.4956,80.85,72,0,4.43,clear sky
168,Aksu,CN,41.1231,80.2644,51.31,28,100,3.15,overcast clouds
169,Katsuura,JP,35.1333,140.3,72.1,71,70,12.48,broken clouds
170,Namibe,AO,-15.1961,12.1522,67.39,84,25,4.43,scattered clouds
171,Talnakh,RU,69.4865,88.3972,23.47,96,99,3.85,light snow
172,Tateyama,JP,34.9833,139.8667,72.01,68,78,12.84,broken clouds
173,Hamilton,US,39.1834,-84.5333,83.95,67,1,1.99,clear sky
174,Verkhoyansk,RU,67.5447,133.385,34.12,60,100,6.91,overcast clouds
175,Otta,NO,61.7712,9.5353,45.97,90,81,3.4,broken clouds
176,Port Hardy,CA,50.6996,-127.4199,50.18,81,75,9.22,light rain
177,Key West,US,24.5557,-81.7826,89.6,62,40,5.75,scattered clouds
178,Bilibino,RU,68.0546,166.4372,-5.33,100,96,3.47,overcast clouds
179,Thyboron,DK,56.6985,8.2124,54.21,87,75,18.77,broken clouds
180,Lorengau,PG,-2.0226,147.2712,81.05,77,96,4.97,overcast clouds
181,Hervey Bay,AU,-25.2986,152.8535,70.02,72,1,14.05,clear sky
182,Flinders,AU,-34.5833,150.8552,53.2,86,100,7.0,light rain
183,Cairns,AU,-16.9167,145.7667,69.75,90,10,6.91,light rain
184,Sault Sainte Marie,CA,46.5168,-84.3333,70.36,91,90,8.05,mist
185,Proletariy,RU,58.4342,31.7046,46.17,72,14,8.39,few clouds
186,Yinchuan,CN,38.4681,106.2731,48.22,38,71,3.49,broken clouds
187,Khatanga,RU,71.9667,102.5,16.11,96,100,5.99,light snow
188,Kushiro,JP,42.975,144.3747,63.09,93,99,30.29,overcast clouds
189,Guerrero Negro,MX,27.9769,-114.0611,76.93,47,0,6.31,clear sky
190,Chipata,ZM,-13.6333,32.65,80.58,25,47,9.35,scattered clouds
191,Hammerfest,NO,70.6634,23.6821,46.13,93,75,3.44,broken clouds
192,Carnarvon,AU,-24.8667,113.6333,64.47,77,0,16.11,clear sky
193,Ulagan,RU,50.6321,87.9563,27.01,86,68,2.66,broken clouds
194,Bethel,US,41.3712,-73.414,63.93,88,90,3.0,overcast clouds
195,Esperance,AU,-33.8667,121.9,54.86,54,91,17.83,overcast clouds
196,Valparaiso,CL,-33.0393,-71.6273,71.83,54,0,6.91,clear sky
197,Bridgetown,BB,13.1,-59.6167,82.89,83,40,21.85,scattered clouds
198,Inhambane,MZ,-23.865,35.3833,69.37,62,98,18.05,overcast clouds
199,Verkhniy Avzyan,RU,53.5289,57.5372,41.25,91,100,2.91,overcast clouds
200,Bengkulu,ID,-3.8004,102.2655,76.41,90,60,4.99,broken clouds
201,Ardakan,IR,32.31,54.0175,64.78,27,0,7.0,clear sky
202,Bathsheba,BB,13.2167,-59.5167,83.01,83,40,21.85,scattered clouds
203,Acapulco,MX,16.8634,-99.8901,87.62,66,75,8.05,broken clouds
204,Muros,ES,42.7762,-9.0603,70.09,50,1,13.44,clear sky
205,Magdagachi,RU,53.45,125.8,33.94,76,22,6.58,few clouds
206,Lusambo,CD,-4.9667,23.45,77.83,63,90,2.75,overcast clouds
207,Tilichiki,RU,60.4667,166.1,25.3,83,80,5.59,broken clouds
208,Kanniyakumari,IN,8.0833,77.5667,80.53,84,100,16.8,overcast clouds
209,Ilulissat,GL,69.2167,-51.1,33.82,75,20,3.44,light shower snow
210,Lazaro Cardenas,MX,17.9583,-102.2,85.17,67,96,5.12,overcast clouds
211,Henties Bay,NA,-22.116,14.2845,60.85,64,4,3.65,clear sky
212,Kihei,US,20.785,-156.4656,77.02,84,40,8.05,scattered clouds
213,Axim,GH,4.8699,-2.2405,77.27,88,100,8.5,light rain
214,Anapolis,BR,-16.3267,-48.9528,83.8,51,75,4.61,thunderstorm
215,Pinega,RU,64.7001,43.3936,49.33,95,100,10.4,overcast clouds
216,Saint-Joseph,RE,-21.3667,55.6167,71.96,84,19,9.08,few clouds
217,Road Town,VG,18.4167,-64.6167,84.24,79,40,11.5,scattered clouds
218,Chumikan,RU,54.7183,135.315,38.21,92,100,4.47,light rain
219,San Ignacio,BZ,17.1561,-89.0714,89.74,66,75,4.61,broken clouds
220,Koluszki,PL,51.7387,19.8199,45.97,68,32,6.78,scattered clouds
221,Yuma,US,32.7253,-114.6244,83.88,19,1,12.66,clear sky
222,Kirakira,SB,-10.4544,161.9205,77.36,87,99,2.37,overcast clouds
223,Uige,AO,-7.6087,15.0613,73.96,79,84,1.68,broken clouds
224,Ilmatsalu,EE,58.3881,26.5593,48.45,55,90,6.91,overcast clouds
225,Onega,RU,63.9061,38.1404,50.14,92,100,12.91,light rain
226,Santa Flavia,IT,38.085,13.5351,67.73,55,6,11.01,clear sky
227,San Cristobal,VE,7.7669,-72.225,80.78,49,79,0.29,broken clouds
228,Lasa,IT,46.6166,10.7002,55.31,69,0,7.56,clear sky
229,Touros,BR,-5.1989,-35.4608,86.9,55,54,13.73,broken clouds
230,Namatanai,PG,-3.6667,152.4333,79.11,79,24,4.29,few clouds
231,Half Moon Bay,US,37.4636,-122.4286,74.95,65,1,1.01,clear sky
232,Mahebourg,MU,-20.4081,57.7,71.89,94,75,8.05,light rain
233,Tautira,PF,-17.7333,-149.15,80.62,75,69,8.99,broken clouds
234,Kodino,RU,63.7198,39.6447,50.5,89,100,11.61,overcast clouds
235,Astana,KZ,51.1801,71.446,40.95,81,90,8.95,overcast clouds
236,Nanortalik,GL,60.1432,-45.2371,37.89,57,17,3.04,few clouds
237,Gabu,GW,12.2833,-14.2167,85.37,73,84,2.55,light rain
238,Pangnirtung,CA,66.1451,-65.7125,39.24,61,31,4.23,scattered clouds
239,Fort Nelson,CA,58.8053,-122.7002,41.04,70,93,9.53,overcast clouds
240,Torbay,CA,47.6666,-52.7314,47.28,74,45,7.0,scattered clouds
241,Henderson,US,36.0397,-114.9819,76.12,25,1,11.5,clear sky
242,Rietavas,LT,55.7194,21.9311,42.39,74,2,4.63,clear sky
243,Kuala Terengganu,MY,5.3302,103.1408,80.55,94,20,2.3,few clouds
244,Pucallpa,PE,-8.3791,-74.5539,93.24,52,75,6.91,broken clouds
245,Hualmay,PE,-11.0964,-77.6139,69.21,73,56,9.24,broken clouds
246,Bethanien,NA,-26.502,17.1583,78.69,9,1,8.9,clear sky
247,Aljezur,PT,37.3191,-8.8033,69.51,76,61,5.19,broken clouds
248,Saint-Augustin,CA,51.226,-58.6502,57.24,42,84,6.58,broken clouds
249,Cidreira,BR,-30.1811,-50.2056,65.41,82,91,16.87,overcast clouds
250,Freeport,US,40.6576,-73.5832,66.69,84,90,5.99,overcast clouds
251,Severo-Kurilsk,RU,50.6789,156.125,47.7,92,100,24.92,moderate rain
252,Ternate,ID,0.8,127.4,81.21,81,100,3.76,overcast clouds
253,Shubarkuduk,KZ,49.1447,56.4872,49.71,60,44,9.08,scattered clouds
254,Nouadhibou,MR,20.931,-17.0347,70.18,82,0,23.09,clear sky
255,Maniwaki,CA,46.3834,-75.966,59.54,88,100,6.91,overcast clouds
256,Amapa,BR,1.0,-52.0,95.97,34,86,5.19,overcast clouds
257,Grindavik,IS,63.8424,-22.4338,41.47,87,75,9.22,broken clouds
258,Isangel,VU,-19.55,169.2667,70.25,79,31,11.34,scattered clouds
259,Tala,EG,30.6803,30.9429,72.3,66,0,8.39,clear sky
260,Tasiilaq,GL,65.6145,-37.6368,33.96,67,0,4.18,clear sky
261,Vardo,NO,70.3705,31.1107,44.58,87,75,4.61,broken clouds
262,Qaqortoq,GL,60.7167,-46.0333,37.9,44,37,2.57,scattered clouds
263,Gushikawa,JP,26.3544,127.8686,82.4,86,20,17.27,few clouds
264,Buncrana,IE,55.1333,-7.45,53.37,76,94,12.1,overcast clouds
265,Kaduqli,SD,11.0167,29.7167,83.91,49,100,5.77,overcast clouds
266,Faya,SA,18.3851,42.4509,70.32,30,42,14.52,scattered clouds
267,Dongsheng,CN,39.8161,109.9776,38.39,35,0,6.11,clear sky
268,Kiruna,SE,67.8557,20.2251,43.72,93,90,2.3,overcast clouds
269,Santa Maria,BR,-29.6842,-53.8069,70.61,76,100,8.63,overcast clouds
270,Zavetnoye,RU,47.1194,43.8903,48.9,47,80,8.57,broken clouds
271,Hasaki,JP,35.7333,140.8333,66.29,69,49,16.26,scattered clouds
272,Nanchang,CN,28.6833,115.8833,65.59,74,99,18.79,overcast clouds
273,Ngorongoro,TZ,-3.2397,35.4875,59.59,61,53,4.16,broken clouds
274,Jalu,LY,29.0331,21.5482,82.36,23,0,9.33,clear sky
275,Ushibuka,JP,32.1906,130.0228,74.75,80,0,5.7,clear sky
276,Hithadhoo,MV,-0.6,73.0833,83.32,69,87,12.91,overcast clouds
277,San Andres,CO,12.5847,-81.7006,87.82,74,75,12.66,broken clouds
278,Narsaq,GL,60.9167,-46.05,37.62,42,44,0.98,scattered clouds
279,Karratha,AU,-20.7377,116.8463,74.62,41,5,7.74,clear sky
280,Wagar,SD,16.1525,36.2032,94.96,33,57,10.71,broken clouds
281,Hirara,JP,24.8,125.2833,82.04,85,98,31.85,light rain
282,Norman Wells,CA,65.282,-126.8329,32.04,93,90,13.8,light snow
283,Ryotsu,JP,38.0833,138.4333,71.42,82,2,10.13,clear sky
284,Lagoa,PT,39.05,-27.9833,70.52,88,100,20.54,overcast clouds
285,Guaiba,BR,-30.1139,-51.325,75.11,64,40,19.57,scattered clouds
286,Makakilo City,US,21.3469,-158.0858,75.56,76,90,8.05,light intensity drizzle
287,Luderitz,NA,-26.6481,15.1594,70.93,42,3,8.48,clear sky
288,Zhigansk,RU,66.7697,123.3711,33.31,99,100,12.3,light snow
289,Baykit,RU,61.67,96.37,24.24,85,89,6.11,overcast clouds
290,Camacha,PT,33.0833,-16.3333,72.54,68,40,13.8,scattered clouds
291,Longyearbyen,SJ,78.2186,15.6401,21.04,79,20,8.05,few clouds
292,Sanghar,PK,26.0466,68.9481,82.47,51,0,14.12,clear sky
293,West Odessa,US,31.8424,-102.4988,89.69,20,1,18.41,clear sky
294,Loksa,EE,59.5764,25.7214,50.41,75,92,15.7,overcast clouds
295,Nhulunbuy,AU,-12.2333,136.7667,74.01,83,68,0.0,broken clouds
296,San Juan,AR,-31.5375,-68.5364,76.3,28,12,7.94,few clouds
297,Koson,UZ,39.0375,65.585,44.92,39,0,5.48,clear sky
298,Udachnyy,RU,66.4167,112.4,29.71,97,100,9.62,light snow
299,Ardahan,TR,41.1087,42.7022,45.79,66,6,2.28,clear sky
300,Bijie,CN,27.3125,105.2942,53.22,94,100,4.72,overcast clouds
301,Alakurtti,RU,66.9672,30.3491,49.62,97,100,4.36,overcast clouds
302,Kushmurun,KZ,52.4503,64.6311,41.65,69,92,9.01,overcast clouds
303,Santa Cruz,BO,-17.8,-63.1667,92.66,52,75,10.36,broken clouds
304,Sarangani,PH,5.4033,125.4636,84.16,74,100,19.71,overcast clouds
305,Challans,FR,46.8436,-1.8749,58.91,78,86,8.59,overcast clouds
306,Tonj,SS,7.2737,28.6822,75.18,83,80,2.35,light rain
307,Pevek,RU,69.7008,170.3133,21.96,92,100,6.62,overcast clouds
308,Geraldton,AU,-28.7667,114.6,50.41,87,75,1.14,broken clouds
309,La Baule-Escoublac,FR,47.2922,-2.364,61.88,73,0,4.61,clear sky
310,Ahipara,NZ,-35.1667,173.1667,52.36,81,69,6.67,broken clouds
311,Charters Towers,AU,-20.1,146.2667,64.53,87,8,7.81,clear sky
312,Hay River,CA,60.8156,-115.7999,39.18,75,75,16.11,light rain
313,Pochutla,MX,15.7432,-96.4661,91.22,53,68,6.67,broken clouds
314,Trairi,BR,-3.2778,-39.2689,85.06,61,66,15.12,broken clouds
315,Balabac,PH,7.9868,117.0645,82.4,79,100,15.99,moderate rain
316,Amudat,UG,1.95,34.95,78.24,54,91,2.93,overcast clouds
317,Shetpe,KZ,44.1667,52.1167,51.89,35,97,4.0,overcast clouds
318,Acaponeta,MX,22.4964,-105.3594,90.41,64,37,5.3,scattered clouds
319,Islamkot,PK,24.6997,70.177,83.91,55,1,10.07,clear sky
320,Auki,SB,-8.7676,160.7034,77.11,87,62,1.63,broken clouds
321,Bocas Del Toro,PA,9.3333,-82.25,88.07,71,21,8.08,few clouds
322,Genthin,DE,52.4,12.1667,49.05,59,85,4.61,overcast clouds
323,Micheweni,TZ,-4.9667,39.8333,77.56,84,51,12.68,broken clouds
324,Esso,RU,55.9333,158.7,21.81,91,76,2.71,broken clouds
325,Los Llanos De Aridane,ES,28.6585,-17.9182,71.35,76,40,16.11,volcanic ash
326,Saint-Philippe,RE,-21.3585,55.7679,72.95,87,22,9.19,few clouds
327,Ruteng,ID,-8.6136,120.4721,60.12,76,77,2.06,broken clouds
328,Basco,PH,20.4487,121.9702,81.21,88,100,41.7,moderate rain
329,San Jose De Sisa,PE,-6.6167,-76.6915,91.92,46,68,2.04,broken clouds
330,Vanimo,PG,-2.6741,141.3028,78.85,89,95,4.09,light rain
331,Palaikastron,GR,35.2,26.25,73.74,73,0,7.02,clear sky
332,Yar-Sale,RU,66.8333,70.8333,28.51,91,65,10.11,broken clouds
333,Kurbnesh,AL,41.7797,20.0836,57.83,89,100,7.14,overcast clouds
334,Biak,ID,-0.9131,122.8766,77.58,85,100,4.43,overcast clouds
335,Kismayo,SO,-0.3582,42.5454,78.21,87,54,15.14,broken clouds
336,Etchoropo,MX,26.7667,-109.6667,89.85,36,0,4.68,clear sky
337,High Level,CA,58.5169,-117.136,45.18,46,1,8.14,clear sky
338,Bowen,AU,-20.0167,148.2333,72.39,71,31,9.73,scattered clouds
339,Yantai,CN,37.5333,121.4,61.65,45,99,13.85,light rain
340,Araouane,ML,18.9048,-3.5265,95.36,7,20,8.32,few clouds
341,Gazli,UZ,40.1333,63.45,51.93,29,0,2.68,clear sky
342,Broken Hill,AU,-31.95,141.4333,46.54,67,96,18.37,overcast clouds
343,La Asuncion,VE,11.0333,-63.8628,85.33,68,83,5.53,broken clouds
344,Avera,US,33.194,-82.5271,80.94,55,59,8.66,broken clouds
345,Mont-Dore,NC,-22.2833,166.5833,60.78,73,27,8.52,scattered clouds
346,Saint Anthony,US,45.0205,-93.218,73.11,65,75,5.01,broken clouds
347,Anori,BR,-3.7728,-61.6442,92.82,46,71,1.32,broken clouds
348,Ucluelet,CA,48.9329,-125.5528,55.09,81,28,3.0,scattered clouds
349,Vung Tau,VN,10.346,107.0843,79.5,88,100,13.6,overcast clouds
350,Lompoc,US,34.6391,-120.4579,81.12,44,1,3.44,clear sky
351,Lakefield,US,43.6775,-95.1717,61.48,76,90,4.0,overcast clouds
352,Jacmel,HT,18.2342,-72.5347,93.04,65,40,7.31,scattered clouds
353,Lavrentiya,RU,65.5833,-171.0,26.98,82,22,3.4,few clouds
354,Aracati,BR,-4.5617,-37.7697,86.83,54,50,16.58,scattered clouds
355,Linjiang,CN,41.8069,126.9078,41.4,87,81,1.36,broken clouds
356,Susanville,US,40.4163,-120.653,61.81,36,1,4.0,clear sky
357,Batagay-Alyta,RU,67.8006,130.4114,24.64,82,100,1.9,overcast clouds
358,Horsham,GB,51.064,-0.3272,60.51,84,20,5.75,few clouds
359,Kavaratti,IN,10.5669,72.642,82.45,80,92,12.93,overcast clouds
360,Marsh Harbour,BS,26.5412,-77.0636,81.9,65,41,5.61,scattered clouds
361,La Paz,BO,-16.5,-68.15,69.78,24,75,8.05,broken clouds
362,Sitka,US,57.0531,-135.33,46.29,76,75,8.05,light rain
363,Touba,CI,8.2833,-7.6833,76.14,88,91,2.42,light rain
364,Cherskiy,RU,68.75,161.3,-1.79,99,82,5.53,broken clouds
365,Adrar,MR,20.5022,-10.0711,93.85,9,81,5.55,broken clouds
366,Elda,ES,38.4778,-0.7916,68.67,75,92,6.06,overcast clouds
367,Pisco,PE,-13.7,-76.2167,67.01,72,0,9.22,clear sky
368,Ojinaga,MX,29.5667,-104.4167,93.58,17,1,11.5,clear sky
369,Korla,CN,41.7597,86.1469,49.12,38,15,5.32,few clouds
370,Clyde River,CA,70.4692,-68.5914,37.63,75,75,3.44,broken clouds
371,Lukovetskiy,RU,64.2956,41.9211,49.98,93,100,10.0,moderate rain
372,Zyryanka,RU,65.75,150.85,17.94,82,59,8.55,broken clouds
373,Oyama,JP,36.3,139.8,75.58,75,19,6.67,few clouds
374,Cervo,ES,43.6702,-7.4101,62.96,85,16,17.43,few clouds
375,Berlevag,NO,70.8578,29.0864,40.95,87,75,4.61,broken clouds
376,Provins,FR,48.5833,3.1667,57.88,61,31,6.15,scattered clouds
377,Masuguru,TZ,-11.3667,38.4167,82.45,49,79,12.28,broken clouds
378,Ngunguru,NZ,-35.6167,174.5,48.16,87,20,6.58,few clouds
379,Kloulklubed,PW,7.0419,134.2556,75.7,74,95,13.18,overcast clouds
380,Haikou,CN,20.0458,110.3417,78.93,94,20,0.0,few clouds
381,Katherine,AU,-14.4667,132.2667,84.52,58,100,6.91,overcast clouds
382,Alofi,NU,-19.0595,-169.9187,71.49,94,100,1.14,overcast clouds
383,Ballina,AU,-28.8667,153.5667,69.98,87,77,8.68,broken clouds
384,Pacific Grove,US,36.6177,-121.9166,74.61,71,1,8.01,clear sky
385,Huarmey,PE,-10.0681,-78.1522,70.57,74,49,10.31,scattered clouds
386,Mayumba,GA,-3.432,10.6554,76.3,84,100,4.21,overcast clouds
387,Kamaishi,JP,39.2667,141.8833,66.72,95,44,11.7,scattered clouds
388,Cabedelo,BR,-6.9811,-34.8339,84.87,65,92,12.39,overcast clouds
389,Manaure,CO,11.7751,-72.4445,85.28,70,44,13.56,scattered clouds
390,Koslan,RU,63.4564,48.8989,40.05,98,100,8.08,overcast clouds
391,Kushima,JP,31.4583,131.2333,78.12,93,62,4.68,broken clouds
392,Sao Felix Do Xingu,BR,-6.6447,-51.995,102.54,24,97,3.83,overcast clouds
393,Ganzhou,CN,28.8184,115.4327,65.84,78,92,12.88,overcast clouds
394,Shimoda,JP,34.6667,138.95,69.91,77,38,5.23,scattered clouds
395,Gizo,SB,-8.103,156.8419,80.83,79,82,6.89,broken clouds
396,Kuldiga,LV,56.974,21.9572,47.89,78,30,7.38,scattered clouds
397,Mudu,CN,31.252,120.5118,69.98,86,100,19.35,light rain
398,Caravelas,BR,-17.7125,-39.2481,76.14,75,100,8.1,overcast clouds
399,Nioro,GM,13.35,-15.75,86.9,66,84,6.62,broken clouds
400,Merauke,ID,-8.4667,140.3333,76.44,87,87,10.65,overcast clouds
401,Minsk,BY,53.9,27.5667,33.55,68,20,4.45,few clouds
402,Shumskiy,RU,54.8318,99.1328,37.38,72,38,3.67,scattered clouds
403,Bakchar,RU,57.0186,82.0711,27.23,83,77,4.43,broken clouds
404,Airai,TL,-8.9266,125.4092,60.67,69,100,0.96,overcast clouds
405,Ullapool,GB,57.8987,-5.1604,52.95,89,99,18.3,overcast clouds
406,Almansa,ES,38.8692,-1.0971,66.29,80,71,9.53,broken clouds
407,Libreville,GA,0.3925,9.4537,80.62,83,40,6.91,scattered clouds
408,Kikwit,CD,-5.041,18.8162,75.61,88,86,1.97,light rain
409,Rusape,ZW,-18.5278,32.1284,61.34,83,69,13.29,broken clouds
410,Krasnoselkup,RU,65.7,82.4667,25.88,80,33,10.25,scattered clouds
411,Meadow Lake,US,34.8014,-106.5436,63.66,31,46,26.19,scattered clouds
412,Archidona,ES,37.0965,-4.3887,71.94,63,78,6.08,broken clouds
413,Bintulu,MY,3.1667,113.0333,79.21,89,20,6.91,few clouds
414,Doha,QA,25.2867,51.5333,87.78,48,0,10.36,clear sky
415,Lazeshchyna,UA,48.2685,24.4201,35.67,63,33,3.2,scattered clouds
416,Kichera,RU,55.9375,110.0997,31.5,77,87,2.13,overcast clouds
417,Ambulu,ID,-8.345,113.6058,75.87,83,92,2.13,overcast clouds
418,Guozhen,CN,34.3659,107.359,46.71,83,100,1.39,overcast clouds
419,Salalah,OM,17.0151,54.0924,80.69,83,75,5.75,broken clouds
420,Bezhetsk,RU,57.7851,36.6965,43.38,70,18,7.27,few clouds
421,Fortuna,US,40.5982,-124.1573,61.93,67,5,1.99,clear sky
422,Nuuk,GL,64.1835,-51.7216,41.61,52,75,6.91,broken clouds
423,Bay City,US,43.5945,-83.8889,78.49,80,1,13.8,clear sky
424,Myra,IT,45.4358,12.1348,58.84,61,0,5.75,clear sky
425,Catuday,PH,16.2923,119.8062,81.91,82,31,22.57,scattered clouds
426,Ylojarvi,FI,61.5563,23.5961,50.63,85,90,12.66,overcast clouds
427,Sao Joao Do Piaui,BR,-8.3581,-42.2467,100.96,18,100,6.44,overcast clouds
428,San Quintin,MX,30.4833,-115.95,71.87,55,0,5.93,clear sky
429,Nome,US,64.5011,-165.4064,28.47,93,40,6.91,scattered clouds
430,Kashi,CN,39.4547,75.9797,45.61,61,100,0.0,overcast clouds
431,Bayan,CN,46.0833,127.4,43.11,65,3,10.02,clear sky
432,Baisha,CN,26.5222,110.9311,56.39,97,100,4.97,light rain
433,Ust-Kuyga,RU,70.0167,135.6,22.03,99,100,4.16,overcast clouds
434,Langholm,GB,55.151,-2.9989,52.56,87,100,7.76,overcast clouds
435,Nangomba,TZ,-10.9,38.5,78.57,57,89,9.1,overcast clouds
436,Mushie,CD,-3.0167,16.9,76.93,86,100,5.03,overcast clouds
437,Caloundra,AU,-26.8,153.1333,66.88,91,41,1.01,scattered clouds
438,Tabou,CI,4.423,-7.3528,78.94,83,99,7.99,overcast clouds
439,San Isidro,PE,-12.1167,-77.05,67.24,75,75,8.05,broken clouds
440,Semey,KZ,50.4111,80.2275,49.32,56,100,6.06,overcast clouds
441,Praya,CV,14.9215,-23.5087,86.54,54,0,17.27,clear sky
442,Honiara,SB,-9.4333,159.95,78.42,85,84,1.63,broken clouds
443,Sita Road,PK,27.0333,67.85,87.8,12,0,6.44,clear sky
444,Shagamu,NG,6.8432,3.6478,82.18,91,86,4.25,light rain
445,Santa Isabel Do Rio Negro,BR,-0.4139,-65.0192,98.22,35,27,4.23,scattered clouds
446,Meulaboh,ID,4.1363,96.1285,77.23,87,100,4.21,overcast clouds
447,Ubeda,ES,38.0133,-3.3705,72.7,37,70,7.18,broken clouds
448,Alexandria,EG,31.2156,29.9553,76.59,65,0,12.64,clear sky
449,Chechat,IN,24.7667,75.8833,80.15,64,46,4.52,scattered clouds
450,Rawson,AR,-43.3002,-65.1023,72.95,30,0,12.62,clear sky
451,Dondo,MZ,-19.6094,34.7431,73.44,79,7,15.66,clear sky
452,Nagato,JP,34.3833,131.2,76.91,90,4,12.35,clear sky
453,Maniitsoq,GL,65.4167,-52.9,37.18,62,99,5.73,overcast clouds
454,Sarankhola,BD,22.3082,89.7897,79.12,86,4,2.24,clear sky
455,Sibolga,ID,1.7427,98.7792,76.32,88,70,2.53,light rain
456,Mundo Nuevo,MX,18.7,-95.5,83.64,74,8,3.94,clear sky
457,Wilmington,US,34.2257,-77.9447,75.97,79,90,14.97,overcast clouds
458,Marienburg,PL,54.0359,19.0266,46.06,59,0,6.91,clear sky
459,San-Pedro,CI,4.7485,-6.6363,78.17,85,98,7.61,overcast clouds
460,Klichka,RU,50.4457,117.996,34.56,72,10,5.84,clear sky
461,Chokurdakh,RU,70.6333,147.9167,15.04,90,95,5.64,overcast clouds
462,Kotaparh,IN,19.15,82.35,70.83,80,1,2.73,clear sky
463,Saint-Jean-De-Braye,FR,47.913,1.9771,56.91,68,0,8.05,clear sky
464,Shaowu,CN,27.3409,117.4831,70.2,93,82,4.18,broken clouds
465,Taoudenni,ML,22.6783,-3.9836,98.46,7,77,5.86,broken clouds
466,Innisfail,AU,-17.5333,146.0333,68.81,81,14,3.18,few clouds
467,Naze,JP,28.3667,129.4833,77.52,87,43,16.89,scattered clouds
468,Otaki,NZ,-40.7583,175.15,54.84,89,43,7.0,scattered clouds
469,Tupik,RU,54.4253,119.9327,31.42,69,10,6.85,clear sky
470,Sao Paulo De Olivenca,BR,-3.3783,-68.8725,94.48,44,45,1.68,scattered clouds
471,Altamira,BR,-3.2033,-52.2064,91.49,55,75,5.75,broken clouds
472,Dunedin,NZ,-45.8742,170.5036,52.81,87,83,8.99,light rain
473,Canico,PT,32.6333,-16.85,76.01,71,20,11.5,few clouds
474,Pandan,PH,14.0453,124.1694,79.75,87,93,10.25,overcast clouds
475,Palmer,US,42.1584,-72.3287,64.51,69,90,4.0,overcast clouds
476,Manokwari,ID,-0.8667,134.0833,77.65,84,76,4.43,broken clouds
477,Gat,IL,31.61,34.7642,77.68,61,0,7.16,clear sky
478,Lebu,CL,-37.6167,-73.65,56.71,70,76,8.79,broken clouds
479,Trofors,NO,65.5333,13.4063,48.07,86,100,3.42,light rain
480,Vila Franca Do Campo,PT,37.7167,-25.4333,72.01,85,96,9.08,overcast clouds
481,Drovyanaya,RU,51.5833,113.0333,35.11,74,8,4.38,clear sky
482,Storforshei,NO,66.4043,14.5233,47.98,93,75,5.75,broken clouds
483,Khovu-Aksy,RU,51.1333,93.6,27.95,71,10,5.01,clear sky
484,Manitouwadge,CA,49.1215,-85.8403,64.18,70,93,10.02,overcast clouds
485,Silvia,CO,2.611,-76.3785,65.79,66,84,0.36,broken clouds
486,Pemba,MZ,-12.974,40.5178,79.5,78,20,13.8,few clouds
487,Antalaha,MG,-14.9003,50.2788,68.25,77,41,8.86,scattered clouds
488,Bustamante,MX,26.5333,-100.5,97.97,25,6,1.1,clear sky
489,Nueva Imperial,CL,-38.7333,-72.95,56.05,52,79,5.77,broken clouds
490,Castro,BR,-24.7911,-50.0119,57.81,94,100,9.46,overcast clouds
491,Martapura,ID,-3.4167,114.85,75.29,94,90,1.14,overcast clouds
492,Thiruvananthapuram,IN,8.4833,76.9167,78.78,94,75,8.05,moderate rain
493,Oksfjord,NO,70.2396,22.3479,46.58,88,100,6.31,light rain
494,Khawhai,IN,23.3667,93.1167,59.94,99,35,1.86,scattered clouds
495,Liberia,LR,6.5,-9.5,75.43,96,94,4.05,light rain
496,Hanzhong,CN,33.0728,107.0303,50.47,86,100,0.67,overcast clouds
497,Sistranda,NO,63.7256,8.834,48.16,79,63,16.28,light rain
498,Najran,SA,17.4924,44.1277,79.45,24,22,5.75,few clouds
499,Marsa Matruh,EG,31.3525,27.2453,74.79,69,0,10.11,clear sky
500,Sayyan,YE,15.1718,44.3244,65.28,34,71,14.25,broken clouds
501,Minab,IR,27.1467,57.0801,85.5,23,0,12.62,clear sky
502,Acari,PE,-15.4311,-74.6158,76.48,56,56,11.01,broken clouds
503,Bereda,ES,43.2686,-7.5406,60.55,93,1,7.94,clear sky
504,Labuan,MY,5.2767,115.2417,80.96,89,20,3.44,few clouds
505,Pemangkat,ID,1.1667,108.9667,81.7,82,100,6.93,overcast clouds
506,Ailigandi,PA,9.2333,-78.0167,84.2,73,37,0.54,scattered clouds
507,Buchanan,LR,5.8808,-10.0467,82.36,79,83,8.72,broken clouds
508,Vestmannaeyjar,IS,63.4427,-20.2734,43.79,81,90,14.97,overcast clouds
509,Egvekinot,RU,66.3167,-179.1667,19.02,89,100,7.29,overcast clouds
510,Faanui,PF,-16.4833,-151.75,79.57,72,53,13.15,broken clouds
511,Balykshi,KZ,47.0667,51.8667,44.6,57,0,4.47,clear sky
512,Flin Flon,CA,54.7682,-101.865,53.44,58,75,6.91,smoke
513,Vetluga,RU,57.8557,45.781,47.21,91,100,6.69,overcast clouds
514,Vizinga,RU,61.0749,50.1031,42.93,99,100,5.86,light rain
515,Loralai,PK,30.3705,68.598,65.41,19,0,10.71,clear sky
516,Gwembe,ZM,-16.4975,27.6069,80.06,21,1,2.71,clear sky
517,Briancon,FR,44.9,6.65,43.5,88,11,5.7,few clouds
518,Horizontina,BR,-27.6258,-54.3078,73.74,77,81,7.02,broken clouds
519,Alta Floresta,BR,-9.8756,-56.0861,93.02,52,75,2.3,broken clouds
520,Cesvaine,LV,56.9667,26.3167,40.89,71,4,5.35,clear sky
521,Hambantota,LK,6.1241,81.1185,80.4,81,100,18.37,overcast clouds
522,Synya,RU,65.3718,58.0387,30.38,71,85,8.01,overcast clouds
523,Strezhevoy,RU,60.7333,77.5889,26.58,70,10,7.87,clear sky
524,Tirumullaivasal,IN,11.2333,79.8333,78.89,87,100,10.92,overcast clouds
525,Karangampel,ID,-6.4622,108.4519,80.56,69,43,7.14,scattered clouds
526,Harper,LR,4.375,-7.7169,79.03,83,100,7.85,overcast clouds
527,Camana,PE,-16.6228,-72.7111,67.98,76,47,12.26,scattered clouds
528,Thung Song,TH,8.1645,99.6804,80.58,96,70,4.65,broken clouds
529,Inta,RU,66.0317,60.1659,29.1,77,65,8.05,broken clouds
530,Bundaberg,AU,-24.85,152.35,69.22,77,40,3.0,scattered clouds
531,Largo,US,27.9095,-82.7873,88.14,59,40,7.0,scattered clouds
532,Tuatapere,NZ,-46.1333,167.6833,51.82,94,100,3.2,overcast clouds
533,Anacortes,US,48.5126,-122.6127,56.3,77,75,5.01,broken clouds
534,Rabo De Peixe,PT,37.8,-25.5833,71.11,88,40,10.36,scattered clouds
535,Constitucion,CL,-35.3333,-72.4167,60.17,61,9,12.75,clear sky
536,Bondoukou,CI,8.0333,-2.8,76.82,85,78,2.73,light rain
537,Nueva Gerona,CU,21.8833,-82.8,85.05,64,9,3.8,clear sky
538,Jining,CN,35.405,116.5814,52.57,58,88,7.78,light rain
539,Arman,RU,59.7,150.1667,28.78,61,1,7.49,clear sky
540,Garhi Khairo,PK,28.0606,67.9803,85.55,13,0,8.72,clear sky
541,Raga,SS,8.4596,25.678,80.87,60,87,4.63,overcast clouds
542,San Pedro,PH,14.35,121.0167,81.36,84,40,2.3,scattered clouds
543,Hereford,GB,52.0568,-2.7148,59.11,82,60,6.53,broken clouds
544,Itororo,BR,-15.1169,-40.0703,79.38,67,97,6.24,overcast clouds
545,Eganville,CA,45.5334,-77.0994,63.73,72,94,10.25,overcast clouds
546,Paamiut,GL,61.994,-49.6678,36.68,58,98,8.9,overcast clouds
547,Pointe Michel,DM,15.25,-61.3833,77.94,100,75,2.3,moderate rain
548,Pedernales,DO,18.0384,-71.744,86.05,61,7,7.99,clear sky
549,Manggar,ID,-2.8833,108.2667,81.32,81,95,5.7,overcast clouds
550,Trondheim,NO,63.4305,10.3951,48.67,92,100,3.96,overcast clouds
551,Yichang,CN,30.7144,111.2847,57.88,87,100,0.81,light rain
552,Port Blair,IN,11.6667,92.75,80.33,86,93,16.08,overcast clouds
553,Leningradskiy,RU,69.3833,178.4167,18.32,90,100,5.08,overcast clouds
554,Tezu,IN,27.9167,96.1667,76.55,76,5,3.22,clear sky
555,Banamba,ML,13.55,-7.45,91.44,30,52,4.32,broken clouds
556,Digha,IN,21.6833,87.55,80.55,81,45,4.36,scattered clouds
557,Grenfell,AU,-33.9,148.1667,43.88,91,100,3.06,overcast clouds
558,Dingle,PH,10.9995,122.6711,75.29,94,100,9.46,light rain
559,Kabare,CD,-2.4683,28.8242,68.14,76,100,1.19,overcast clouds
560,Daru,PG,-9.0763,143.2092,77.54,82,99,9.31,overcast clouds
561,Sabang,ID,5.8933,95.3214,82.36,80,70,24.47,broken clouds
562,Tiznit,MA,29.5833,-9.5,75.99,40,100,3.04,overcast clouds
563,Mpulungu,ZM,-8.7623,31.1141,86.94,28,43,7.67,scattered clouds
564,Hailar,CN,49.2,119.7,37.6,73,2,12.1,clear sky
565,Ixmiquilpan,MX,20.4833,-99.2333,79.12,45,27,1.95,scattered clouds
566,Marawi,PH,7.9986,124.2928,65.64,93,100,6.76,overcast clouds
567,Khandbari,NP,27.3747,87.2039,67.59,88,20,3.47,few clouds
568,Banda Aceh,ID,5.5577,95.3222,79.74,82,85,15.46,overcast clouds
569,Racale,IT,39.9631,18.0938,57.07,82,52,10.22,broken clouds
570,Saint-Georges,GD,12.0564,-61.7485,82.85,80,100,14.25,overcast clouds
571,Kawalu,ID,-7.3817,108.2082,71.51,94,91,0.6,overcast clouds
572,Guliston,UZ,40.4897,68.7842,48.99,37,9,3.6,clear sky
573,Istok,XK,42.7808,20.4875,54.16,94,100,3.15,overcast clouds
574,Tsaratanana,MG,-16.7833,47.65,73.56,54,13,8.37,few clouds
575,Tomatlan,MX,19.9333,-105.25,89.29,61,100,3.58,overcast clouds
576,Newport,GB,51.5877,-2.9984,59.54,76,63,7.2,broken clouds
577,Big Bend,SZ,-26.8167,31.9333,63.79,69,13,8.43,few clouds
578,Dargaville,NZ,-35.9333,173.8833,50.99,84,60,6.78,broken clouds
579,Ambilobe,MG,-13.2,49.05,74.19,63,93,4.14,overcast clouds
580,Izumo,JP,35.3667,132.7667,71.55,77,2,5.1,clear sky
581,Kirkwall,GB,58.9848,-2.9587,51.96,87,75,19.57,broken clouds
582,Port-Gentil,GA,-0.7193,8.7815,78.76,83,40,6.91,scattered clouds
583,Urucara,BR,-2.5364,-57.76,98.98,32,74,3.02,broken clouds
584,Valleyview,CA,55.0667,-117.2859,41.04,60,95,16.11,overcast clouds
585,Nanakuli,US,21.3906,-158.1547,76.98,78,90,8.05,light intensity drizzle
586,Solnechnyy,RU,50.7214,136.6319,39.34,97,100,2.91,overcast clouds
587,Mezen,RU,65.8522,44.24,42.85,99,100,4.97,overcast clouds
588,Aswan,EG,24.0934,32.907,97.92,17,43,9.55,scattered clouds
589,Batagay,RU,67.6333,134.6333,30.52,75,100,6.06,overcast clouds
590,Staryy Nadym,RU,65.6118,72.6842,28.83,85,82,8.7,broken clouds
591,Bondo,CD,3.8146,23.6866,71.69,98,100,2.26,overcast clouds
592,Langsa,ID,4.4683,97.9683,75.78,96,99,2.55,overcast clouds
593,At-Bashi,KG,41.1702,75.8106,35.71,90,100,3.33,overcast clouds
594,Maumere,ID,-8.6199,122.2111,77.97,78,40,6.64,scattered clouds
595,Humaita,BR,-7.5061,-63.0208,96.24,38,62,3.13,broken clouds
596,Pierre,US,44.3683,-100.351,62.85,52,90,1.01,overcast clouds
597,Bairiki,KI,1.3292,172.9752,78.8,83,20,4.61,light rain
598,Cururupu,BR,-1.8283,-44.8683,86.16,62,89,8.39,overcast clouds
599,Port-Cartier,CA,50.0334,-66.8654,53.82,72,100,4.34,overcast clouds
600,Praia Da Vitoria,PT,38.7333,-27.0667,72.75,94,75,15.68,broken clouds
601,Malinyi,TZ,-8.9333,36.1333,82.06,34,86,3.74,overcast clouds
602,Olafsvik,IS,64.8945,-23.7142,40.48,63,92,3.58,overcast clouds
603,Rantepao,ID,-2.9701,119.8978,67.71,99,100,1.25,overcast clouds
604,Jibuti,DJ,11.5,42.5,83.62,61,83,11.21,broken clouds
605,Ust-Nera,RU,64.5667,143.2,21.18,78,92,2.95,overcast clouds
606,Petropavlovsk-Kamchatskiy,RU,53.0452,158.6483,37.99,100,90,6.71,light intensity shower rain
607,Ranong,TH,9.9658,98.6348,79.59,89,96,14.25,overcast clouds
608,Ust-Tsilma,RU,65.441,52.1498,32.9,98,100,7.83,snow
609,Iza,UA,48.2152,23.3287,52.16,54,17,4.88,few clouds
610,Toora-Khem,RU,52.4675,96.11,30.67,63,12,1.52,few clouds
611,Lhokseumawe,ID,5.1801,97.1507,78.66,83,73,5.61,broken clouds
612,Tura,IN,25.5198,90.2201,74.71,87,8,3.2,clear sky
613,Wellington,NZ,-41.2866,174.7756,54.66,88,75,4.0,broken clouds
614,Mukhen,RU,48.1,136.1,41.45,93,100,14.18,overcast clouds
615,Krasnokamensk,RU,50.0979,118.0369,37.09,67,18,7.47,few clouds
616,Camopi,GF,3.1655,-52.3158,94.66,38,92,3.76,overcast clouds
617,Bonavista,CA,48.6499,-53.1147,47.12,69,65,30.13,broken clouds
618,Srednekolymsk,RU,67.45,153.6833,7.36,95,15,3.36,few clouds
619,Khandyga,RU,62.6667,135.6,32.34,74,100,6.67,overcast clouds
620,Pedro Betancourt,CU,22.7272,-81.29,88.34,56,8,6.93,clear sky
621,Puro,PH,12.4841,123.3827,81.3,83,87,19.46,overcast clouds
622,Brownsville,US,25.9018,-97.4975,92.01,63,40,10.0,scattered clouds
623,Bodden Town,KY,19.2833,-81.25,87.8,70,20,5.75,few clouds
624,Ostersund,SE,63.1792,14.6357,43.25,100,75,18.41,light rain
625,Gerash,IR,27.6652,54.1371,82.54,28,2,2.98,clear sky
626,Nicoya,CR,10.1483,-85.452,89.15,67,92,2.71,overcast clouds
627,Shurugwi,ZW,-19.6702,30.0059,53.37,94,100,15.26,light rain
628,Neryungri,RU,56.6709,124.6491,29.21,75,85,8.32,overcast clouds
629,Sobolevo,RU,54.4299,31.8996,39.97,73,27,4.05,scattered clouds
630,Belyy Yar,RU,53.6039,91.3903,42.69,56,0,2.24,clear sky
631,Tighina,MD,46.8306,29.4711,48.11,45,2,5.28,clear sky
632,Atikokan,CA,48.7555,-91.6216,61.12,92,98,9.04,overcast clouds
633,Rocha,UY,-34.4833,-54.3333,65.01,66,84,15.59,broken clouds
634,Tukrah,LY,32.5341,20.5791,78.08,50,0,9.62,clear sky
635,Kirkuk,IQ,35.4681,44.3922,78.33,12,0,7.74,clear sky
636,Ornskoldsvik,SE,63.2909,18.7153,51.62,100,90,3.44,overcast clouds
637,Rio Brilhante,BR,-21.8019,-54.5464,67.68,94,100,9.19,overcast clouds
638,Lida,BY,53.8833,25.2997,40.42,72,9,6.2,clear sky
639,Ferme-Neuve,CA,46.7001,-75.4493,58.78,87,100,8.63,overcast clouds
640,Puerto Del Rosario,ES,28.5004,-13.8627,76.75,61,40,19.57,scattered clouds
641,Nagapattinam,IN,10.7667,79.8333,77.83,88,100,4.59,moderate rain
642,Kosh-Agach,RU,50.0,88.6667,16.38,83,62,2.75,broken clouds
643,Komsomolskiy,UZ,40.4272,71.7189,48.92,66,97,2.3,overcast clouds
644,Ajaccio,FR,42.0,8.9167,58.98,42,0,3.44,clear sky
645,Batemans Bay,AU,-35.7167,150.1833,51.1,89,100,4.38,overcast clouds
646,Shelburne,CA,44.0787,-80.2041,66.65,88,100,13.13,overcast clouds
647,Sidi Ali,DZ,36.0998,0.4206,68.72,64,8,12.8,clear sky
648,Aldergrove,CA,49.058,-122.4709,55.15,70,40,1.99,scattered clouds
649,Kemijarvi,FI,66.7131,27.4306,47.98,98,100,6.35,overcast clouds
650,Kachiry,KZ,53.0675,76.1036,40.21,94,100,11.34,light rain
651,Taltal,CL,-25.4,-70.4833,67.48,50,0,6.87,clear sky
652,Bud,US,39.447,-86.1758,83.91,67,99,14.7,overcast clouds
653,Sovetskiy,RU,61.3614,63.5842,29.19,56,7,4.27,clear sky
654,Hami,CN,42.8,93.45,50.2,23,0,6.13,clear sky
655,Ylivieska,FI,64.0833,24.55,51.31,78,100,11.43,overcast clouds
656,La Ronge,CA,55.1001,-105.2842,46.65,61,75,3.44,broken clouds
657,Rwamagana,RW,-1.9487,30.4347,72.84,64,88,2.48,overcast clouds
658,Sabinas Hidalgo,MX,26.5,-100.1667,97.9,28,5,3.44,clear sky
659,Raudeberg,NO,61.9875,5.1352,48.87,92,75,7.0,broken clouds
660,Waingapu,ID,-9.6567,120.2641,76.05,78,86,5.3,overcast clouds
661,Nova Vicosa,BR,-17.8919,-39.3719,75.15,79,99,8.7,overcast clouds
662,Tyret Pervaya,RU,53.6703,102.3106,37.31,71,9,3.49,clear sky
663,Tepic,MX,21.5,-104.9,85.5,58,40,5.75,scattered clouds
664,Poronaysk,RU,49.2167,143.1167,50.4,69,95,18.03,overcast clouds
665,Turukhansk,RU,65.8167,87.9833,27.01,76,97,11.1,overcast clouds
666,Beira,MZ,-19.8436,34.8389,74.84,79,7,21.74,clear sky
667,Kununurra,AU,-15.7667,128.7333,80.58,65,90,6.91,overcast clouds
668,Shingu,JP,33.7333,135.9833,68.11,90,5,4.5,clear sky
669,Liverpool,GB,53.4106,-2.9779,56.98,78,40,4.0,scattered clouds
670,Esna,EG,25.2934,32.554,92.79,18,4,8.97,clear sky
671,Mogadishu,SO,2.0371,45.3438,78.71,85,13,12.88,few clouds
672,Sao Francisco De Assis,BR,-29.5503,-55.1311,70.21,86,100,9.73,overcast clouds
673,Ampanihy,MG,-24.7,44.75,65.7,88,15,4.61,few clouds
674,Tsiroanomandidy,MG,-18.7667,46.0333,73.63,61,45,8.03,light rain
675,Scarborough,GB,54.2797,-0.4044,56.53,75,96,1.01,overcast clouds
676,Piterka,RU,50.6803,47.4454,47.48,48,2,4.52,clear sky
677,General Roca,AR,-39.0333,-67.5833,81.0,22,0,7.54,clear sky
678,Feijo,BR,-8.1642,-70.3536,100.76,31,14,3.36,few clouds
679,Vuktyl,RU,63.8567,57.3094,32.74,63,100,8.19,overcast clouds
680,Raton,US,36.9034,-104.4391,48.63,90,90,11.5,light rain
681,Guarapari,BR,-20.6667,-40.4975,69.69,93,100,9.75,moderate rain
682,Marrakesh,MA,31.6315,-8.0083,89.67,29,0,6.91,clear sky
683,Kharp,RU,66.8014,65.8081,27.01,91,33,4.92,scattered clouds
684,Tuy Hoa,VN,13.0833,109.3,77.54,89,97,4.52,overcast clouds
685,Aleksandrov Gay,RU,50.147,48.5704,49.44,44,1,5.44,clear sky
686,Visp,CH,46.2937,7.8815,54.32,74,0,4.16,clear sky
687,Sabzevar,IR,36.2126,57.6819,51.98,25,0,11.25,clear sky
688,Soyo,AO,-6.1349,12.3689,76.26,77,43,11.14,scattered clouds
689,Anadyr,RU,64.75,177.4833,19.9,100,40,6.71,light snow
690,Villarrica,PY,-25.75,-56.4333,79.65,66,90,6.29,overcast clouds
691,Metro,ID,-5.1131,105.3067,75.76,91,45,5.21,scattered clouds
692,Tongzhou,CN,39.9053,116.5994,51.98,44,0,6.71,light rain
693,Luganville,VU,-15.5333,167.1667,77.11,86,100,11.56,overcast clouds
694,Kayerkan,RU,69.3497,87.7602,24.37,94,99,6.76,snow
695,My Tho,VN,10.35,106.35,80.64,93,100,5.79,overcast clouds
696,Seoul,KR,37.5683,126.9778,60.31,88,100,6.91,light rain
697,North Platte,US,41.1239,-100.7654,66.99,41,1,8.99,clear sky
698,Shache,CN,38.4167,77.2406,49.32,40,98,8.14,overcast clouds
699,Finschhafen,PG,-6.6024,147.8681,77.05,92,100,4.81,overcast clouds
700,Eureka,US,40.8021,-124.1637,62.2,78,14,3.0,few clouds
701,San Rafael,AR,-34.6177,-68.3301,75.42,29,69,11.59,broken clouds
702,Bafoulabe,ML,13.8065,-10.8321,87.04,62,96,4.03,overcast clouds
703,Moree,AU,-29.4667,149.85,62.62,94,90,5.75,overcast clouds
704,Mitrofanovka,RU,49.9708,39.6939,46.99,50,96,6.38,overcast clouds
705,San Policarpo,PH,12.1791,125.5072,80.82,81,86,12.84,overcast clouds
706,Kozhevnikovo,RU,56.2589,83.9714,35.26,65,100,8.86,overcast clouds
707,Jolalpan,MX,18.325,-98.8417,87.01,53,16,1.52,few clouds
708,Limbazi,LV,57.5129,24.7194,46.04,63,28,7.25,scattered clouds
709,Olinda,BR,-8.0089,-34.8553,80.33,78,75,11.5,broken clouds
710,Mamlyutka,KZ,54.9375,68.5394,33.3,62,94,6.78,overcast clouds
711,Nantucket,US,41.2835,-70.0995,64.54,85,100,21.68,overcast clouds
712,Banepa,NP,27.6298,85.5214,68.32,88,40,2.3,scattered clouds
713,Falam,MM,22.9167,93.6833,62.2,97,97,1.61,overcast clouds
714,Fatehabad,IN,29.5167,75.45,82.81,34,0,7.36,clear sky
715,Imbituba,BR,-28.24,-48.6703,66.81,73,91,12.48,overcast clouds
716,Litovko,RU,49.2361,135.1742,40.62,80,82,17.38,broken clouds
